time,pos_25.0,pos_26.142857142857142,pos_27.285714285714285,pos_28.428571428571427,pos_29.57142857142857,pos_30.714285714285715,pos_31.857142857142858,pos_33.0,pos_30.5,pos_30.833333333333332,pos_31.166666666666668,pos_31.5
0.0,0.1407349407672882,0.14986425638198853,0.14986425638198853,0.14986427128314972,0.14986425638198853,0.14986425638198853,0.14986425638198853,0.14986425638198853,0.14986425638198853,0.14986425638198853,0.14986425638198853,0.14986425638198853
0.01,0.14064522087574005,0.14823631942272186,0.1482323408126831,0.14822836220264435,0.1482243835926056,0.14822041988372803,0.14821648597717285,0.14821256697177887,0.14822115004062653,0.148220032453537,0.14821884036064148,0.14821770787239075
0.02,0.1403748095035553,0.14590394496917725,0.14588850736618042,0.14587320387363434,0.1458580493927002,0.1458429992198944,0.14582809805870056,0.14581333100795746,0.14584581553936005,0.14584144949913025,0.14583706855773926,0.14583274722099304
0.03,0.13987590372562408,0.14309249818325043,0.14305786788463593,0.1430238038301468,0.14299029111862183,0.14295734465122223,0.14292503893375397,0.14289334416389465,0.1429634988307953,0.14295396208763123,0.14294448494911194,0.14293505251407623
0.04,0.13914859294891357,0.1400626301765442,0.1400042176246643,0.13994741439819336,0.13989228010177612,0.13983885943889618,0.1397872418165207,0.13973742723464966,0.1398487687110901,0.13983342051506042,0.1398182362318039,0.13980317115783691
0.05,0.13823896646499634,0.13708531856536865,0.1370048224925995,0.13692811131477356,0.13685522973537445,0.13678626716136932,0.13672134280204773,0.13666045665740967,0.1367989182472229,0.13677935302257538,0.13676007091999054,0.13674119114875793
0.06,0.13723163306713104,0.13441787660121918,0.1343255639076233,0.13424058258533478,0.13416296243667603,0.13409283757209778,0.1340302675962448,0.13397525250911713,0.13410541415214539,0.1340859830379486,0.13406719267368317,0.13404899835586548
0.07,0.1362377405166626,0.1322825700044632,0.13219790160655975,0.1321256160736084,0.13206565380096436,0.1320181041955948,0.13198283314704895,0.13195978105068207,0.13202610611915588,0.13201387226581573,0.13200269639492035,0.13199254870414734
0.08,0.13538044691085815,0.13084959983825684,0.13080021739006042,0.13076947629451752,0.130757138133049,0.13076293468475342,0.13078638911247253,0.1308271437883377,0.13076046109199524,0.13076455891132355,0.13077013194561005,0.13077720999717712
0.09,0.1347794234752655,0.13022540509700775,0.13024424016475677,0.1302885115146637,0.13035741448402405,0.1304500699043274,0.1305653154850006,0.13070206344127655,0.1304309219121933,0.13046100735664368,0.13049304485321045,0.13052694499492645
0.1,0.1345362663269043,0.13044685125350952,0.13056792318820953,0.13072046637535095,0.13090264797210693,0.1311124861240387,0.13134774565696716,0.13160614669322968,0.13107112050056458,0.13113582134246826,0.13120271265506744,0.131271630525589
0.11,0.1347222626209259,0.1314813494682312,0.13173450529575348,0.1320227086544037,0.1323423981666565,0.13269010186195374,0.13306191563606262,0.13345393538475037,0.13262294232845306,0.1327277421951294,0.13283461332321167,0.13294337689876556
0.12,0.1353696584701538,0.13323253393173218,0.13363797962665558,0.13407737016677856,0.13454508781433105,0.1350354701280594,0.13554254174232483,0.1360604465007782,0.13494202494621277,0.13508757948875427,0.1352345049381256,0.13538265228271484
0.13,0.13646715879440308,0.1355505883693695,0.13611367344856262,0.13670304417610168,0.13731050491333008,0.1379278004169464,0.13854673504829407,0.13915929198265076,0.13781167566776276,0.13799232244491577,0.13817305862903595,0.1383536458015442
0.14,0.13796007633209229,0.1382461041212082,0.13895349204540253,0.13967128098011017,0.1403883695602417,0.14109399914741516,0.14177779853343964,0.14243002235889435,0.14096304774284363,0.14116641879081726,0.1413678526878357,0.14156706631183624
0.15,0.13975444436073303,0.14110614359378815,0.14192384481430054,0.1427268534898758,0.1435013711452484,0.14423462748527527,0.14491477608680725,0.14553141593933105,0.1441008448600769,0.1443081647157669,0.14451080560684204,0.14470860362052917
0.16,0.1417253166437149,0.14391136169433594,0.14478500187397003,0.1456097662448883,0.1463700532913208,0.14705225825309753,0.147644504904747,0.14813753962516785,0.14693084359169006,0.14711833000183105,0.14729800820350647,0.14746969938278198
0.17,0.14372742176055908,0.14645257592201233,0.14731021225452423,0.14807726442813873,0.14873793721199036,0.14927972853183746,0.14969319105148315,0.14997246861457825,0.14918768405914307,0.14932894706726074,0.14945916831493378,0.14957821369171143
0.18,0.1456078439950943,0.14854593575000763,0.14930333197116852,0.1499238759279251,0.15039420127868652,0.15070563554763794,0.1508539766073227,0.15083999931812286,0.15065960586071014,0.1507287174463272,0.15078392624855042,0.15082518756389618
0.19,0.14721909165382385,0.15004539489746094,0.15061330795288086,0.15099813044071198,0.15119218826293945,0.1511939913034439,0.15100818872451782,0.15064528584480286,0.15120820701122284,0.15118327736854553,0.1511424332857132,0.15108591318130493
0.2,0.14843152463436127,0.15085193514823914,0.15114495158195496,0.1512143909931183,0.15106210112571716,0.15069755911827087,0.15013758838176727,0.14940549433231354,0.15078142285346985,0.15064799785614014,0.15049812197685242,0.15033230185508728
0.21,0.14914415776729584,0.15091899037361145,0.15086497366428375,0.15055912733078003,0.15001675486564636,0.14926190674304962,0.1483265459537506,0.1472487598657608,0.14941826462745667,0.14917227625846863,0.1489112377166748,0.14863602817058563
0.22,0.14929282665252686,0.15025418996810913,0.14980332553386688,0.14909110963344574,0.14814996719360352,0.1470213681459427,0.14575394988059998,0.1444011777639389,0.14724507927894592,0.1468949168920517,0.14653337001800537,0.1461617648601532
0.23,0.1488552987575531,0.14891692996025085,0.14804956316947937,0.1469358503818512,0.14562800526618958,0.14418621361255646,0.14267568290233612,0.1411631852388382,0.14446379244327545,0.14403092861175537,0.14359278976917267,0.14315108954906464
0.24,0.14785288274288177,0.14701277017593384,0.1457449197769165,0.1442745327949524,0.1426745057106018,0.14102298021316528,0.1393989473581314,0.13787782192230225,0.14133290946483612,0.1408511996269226,0.14037251472473145,0.13989883661270142
0.25,0.1463487446308136,0.14468474686145782,0.14307066798210144,0.14132848381996155,0.13955049216747284,0.13782915472984314,0.1362515538930893,0.13489429652690887,0.13814347982406616,0.13765671849250793,0.13718295097351074,0.13672423362731934
0.26,0.14444281160831451,0.14210239052772522,0.14023372530937195,0.13834095001220703,0.13653142750263214,0.13490527868270874,0.13354910910129547,0.13253062963485718,0.13519200682640076,0.134750097990036,0.13433195650577545,0.13393940031528473
0.27,0.14226418733596802,0.1394495964050293,0.13745084404945374,0.1355569213628769,0.13388276100158691,0.13252659142017365,0.1315632462501526,0.13103950023651123,0.13275283575057983,0.13240689039230347,0.13209502398967743,0.13181866705417633
0.28,0.13996152579784393,0.13691160082817078,0.13493210077285767,0.13320311903953552,0.13183680176734924,0.13091707229614258,0.13049408793449402,0.1305810958147049,0.1310526728630066,0.13084933161735535,0.13068869709968567,0.13057135045528412
0.29,0.13769209384918213,0.1346624791622162,0.132865309715271,0.1314699351787567,0.1305723786354065,0.13022847473621368,0.13045015931129456,0.1312054842710495,0.13024961948394775,0.13022539019584656,0.13024944067001343,0.130321204662323
0.3,0.1356104612350464,0.13285362720489502,0.13140255212783813,0.13049614429473877,0.13019953668117523,0.13052600622177124,0.13143715262413025,0.1328471302986145,0.13041841983795166,0.13059476017951965,0.13082057237625122,0.13109390437602997
0.31,0.13385774195194244,0.13160401582717896,0.13064917922019958,0.13035812973976135,0.13074985146522522,0.1317821890115738,0.1333571821451187,0.13533151149749756,0.1315436214208603,0.13192304968833923,0.13234783709049225,0.13281457126140594
0.32,0.1325518935918808,0.13099294900894165,0.13065659999847412,0.1310640275478363,0.1321740746498108,0.1338793933391571,0.13601860404014587,0.1383935660123825,0.13352112472057343,0.13408516347408295,0.1346847116947174,0.13531494140625
0.33,0.13177993893623352,0.1310553103685379,0.13141918182373047,0.13255366683006287,0.13434666395187378,0.1366211175918579,0.13915498554706573,0.14170600473880768,0.13616779446601868,0.13687703013420105,0.13760638236999512,0.13834980130195618
0.34,0.13159245252609253,0.13178014755249023,0.1328752338886261,0.13470369577407837,0.13707688450813293,0.13975021243095398,0.14245188236236572,0.14491435885429382,0.13923844695091248,0.1400350034236908,0.14083151519298553,0.14162114262580872
0.35000000000000003,0.13200053572654724,0.13311198353767395,0.13491211831569672,0.13733796775341034,0.14012549817562103,0.14297306537628174,0.14557835459709167,0.14767473936080933,0.14244872331619263,0.14326068758964539,0.1440492570400238,0.14480739831924438
0.36,0.1329757571220398,0.13495513796806335,0.13737496733665466,0.14024195075035095,0.14322593808174133,0.14598733186721802,0.14822031557559967,0.14969110488891602,0.14550137519836426,0.14624926447868347,0.14694935083389282,0.1475951373577118
0.37,0.13445252180099487,0.13718053698539734,0.14007848501205444,0.1431802362203598,0.14610756933689117,0.14851014316082,0.15011200308799744,0.15074686706066132,0.14811363816261292,0.14871817827224731,0.14925193786621094,0.14970992505550385
0.38,0.1363329291343689,0.13963478803634644,0.1428207904100418,0.14591540396213531,0.1485191136598587,0.15030479431152344,0.15106290578842163,0.15072846412658691,0.150043785572052,0.15043403208255768,0.15073475241661072,0.1509433537721634
0.39,0.13849356770515442,0.14215043187141418,0.1453983336687088,0.14822736382484436,0.15025070309638977,0.15120279788970947,0.15097689628601074,0.14963749051094055,0.1511130928993225,0.1512344628572464,0.15125441551208496,0.15117351710796356
0.4,0.14079391956329346,0.14455723762512207,0.14762085676193237,0.14993071556091309,0.1511518955230713,0.15111973881721497,0.14986209571361542,0.14759090542793274,0.1512225866317749,0.15104363858699799,0.1507604718208313,0.1503773331642151
0.41000000000000003,0.14308562874794006,0.14669351279735565,0.14932528138160706,0.15088948607444763,0.151144877076149,0.15006324648857117,0.14782992005348206,0.14480826258659363,0.1503620743751526,0.1498793661594391,0.14930011332035065,0.14863258600234985
0.42,0.14522212743759155,0.1484166979789734,0.15038751065731049,0.15102817118167877,0.15023094415664673,0.14813221991062164,0.1450842320919037,0.14158844947814941,0.1486111581325531,0.14785133302211761,0.14701378345489502,0.14611050486564636
0.43,0.14706797897815704,0.14961275458335876,0.15073129534721375,0.15033723413944244,0.14849023520946503,0.1455075591802597,0.1419006735086441,0.13827753067016602,0.1461317539215088,0.14515091478824615,0.14412158727645874,0.1430588811635971
0.44,0.14850732684135437,0.15020349621772766,0.15033361315727234,0.14887386560440063,0.14607498049736023,0.14243511855602264,0.13859906792640686,0.1352314054965973,0.14315305650234222,0.14203296601772308,0.14090216159820557,0.1397777497768402
0.45,0.14945097267627716,0.1501515805721283,0.14922617375850677,0.14675718545913696,0.14319577813148499,0.13920283317565918,0.13551127910614014,0.13277775049209595,0.1399504691362381,0.13879179954528809,0.1376657634973526,0.13658979535102844
0.46,0.14984169602394104,0.1494629979133606,0.14749278128147125,0.1441584825515747,0.14010348916053772,0.13611352443695068,0.13294783234596252,0.1311805248260498,0.13682010769844055,0.1357334405183792,0.13472430408000946,0.13380873203277588
0.47000000000000003,0.14965753257274628,0.14818614721298218,0.14526304602622986,0.1412874311208725,0.13706722855567932,0.13345670700073242,0.13116665184497833,0.1306116133928299,0.13405124843120575,0.13314658403396606,0.13236141204833984,0.1317082941532135
0.48,0.14891275763511658,0.1464088261127472,0.14270281791687012,0.1383751481771469,0.13435102999210358,0.1314813196659088,0.13034701347351074,0.13113225996494293,0.13189983367919922,0.1312755048274994,0.1308049112558365,0.13049530982971191
0.49,0.14765664935112,0.14425206184387207,0.14000177383422852,0.1356557011604309,0.1321910172700882,0.1303725242614746,0.1305716186761856,0.13268648087978363,0.13056468963623047,0.13029690086841583,0.13020503520965576,0.13028934597969055
0.5,0.14597013592720032,0.14186207950115204,0.13735955953598022,0.133347287774086,0.13077466189861298,0.13023416697978973,0.13181813061237335,0.1351069211959839,0.13016916811466217,0.1303032636642456,0.13061979413032532,0.13111090660095215
0.51,0.14396053552627563,0.1394003927707672,0.1349710077047348,0.13163477182388306,0.13022476434707642,0.13107934594154358,0.13396146893501282,0.1381329894065857,0.13074980676174164,0.13129407167434692,0.1320093423128128,0.13287940621376038
0.52,0.1417546421289444,0.1370331197977066,0.13301190733909607,0.13065506517887115,0.13058874011039734,0.13282889127731323,0.13678623735904694,0.14143872261047363,0.13225293159484863,0.13317587971687317,0.13423995673656464,0.13542106747627258
0.53,0.13949072360992432,0.134919673204422,0.13162612915039062,0.13048598170280457,0.13183456659317017,0.1353190541267395,0.14000844955444336,0.14466813206672668,0.13453970849514008,0.13577118515968323,0.13709677755832672,0.1384858638048172
0.54,0.13731005787849426,0.13320225477218628,0.1309150904417038,0.1311403512954712,0.13385362923145294,0.1383165866136551,0.14330412447452545,0.1474732607603073,0.137398824095726,0.1388351023197174,0.1403045505285263,0.1417723447084427
0.55,0.13534803688526154,0.1319963037967682,0.13093039393424988,0.13256484270095825,0.13647019863128662,0.1415407955646515,0.14634178578853607,0.14955192804336548,0.1405661702156067,0.14207857847213745,0.1435542106628418,0.14495721459388733
0.56,0.13372597098350525,0.13138267397880554,0.1316699981689453,0.1346445381641388,0.13945677876472473,0.14468973875045776,0.1488158106803894,0.15068015456199646,0.1437491923570633,0.14519554376602173,0.1465325653553009,0.14772707223892212
0.5700000000000001,0.13254359364509583,0.13140231370925903,0.13307863473892212,0.13721196353435516,0.1425536870956421,0.14746856689453125,0.15047727525234222,0.15073643624782562,0.14665386080741882,0.1478918492794037,0.14895257353782654,0.14980930089950562
0.58,0.13187316060066223,0.1320534348487854,0.1350516378879547,0.14006075263023376,0.14549195766448975,0.1496170163154602,0.15115892887115479,0.1497146636247635,0.14901196956634521,0.14991310238838196,0.15058094263076782,0.15099892020225525
0.59,0.13175496459007263,0.13329167664051056,0.137442946434021,0.14296209812164307,0.1480163335800171,0.15093392133712769,0.15079209208488464,0.14772510528564453,0.150605708360672,0.1510685384273529,0.15126073360443115,0.15117871761322021
0.6,0.13219505548477173,0.13503310084342957,0.1400757133960724,0.14568312466144562,0.14990770816802979,0.1512959599494934,0.1494135707616806,0.144982248544693,0.15128791332244873,0.15124914050102234,0.15092627704143524,0.15033097565174103
0.61,0.13316498696804047,0.13715972006320953,0.14275549352169037,0.1480056196451187,0.1510019302368164,0.1506691873073578,0.14716190099716187,0.14178182184696198,0.15099559724330902,0.15043777227401733,0.14960977435112,0.1485389620065689
0.62,0.13460354506969452,0.13952767848968506,0.14528441429138184,0.14974342286586761,0.1512042135000229,0.1491122990846634,0.14426356554031372,0.1384689062833786,0.1497558057308197,0.14871099591255188,0.14743803441524506,0.14597894251346588
0.63,0.1364208459854126,0.14197663962841034,0.14747586846351624,0.15075740218162537,0.1504971981048584,0.14677104353904724,0.1410101056098938,0.1354006677865982,0.1476830095052719,0.14623165130615234,0.14462020993232727,0.14290274679660797
0.64,0.13850367069244385,0.1443408578634262,0.1491682231426239,0.1509665548801422,0.14894236624240875,0.14386460185050964,0.137728750705719,0.13290801644325256,0.1449686586856842,0.14323367178440094,0.1414278745651245,0.1396130621433258
0.65,0.1407226026058197,0.14646026492118835,0.15023674070835114,0.15035435557365417,0.1466750204563141,0.14066508412361145,0.13474968075752258,0.13125964999198914,0.14186334609985352,0.13999983668327332,0.1381685435771942,0.13643354177474976
0.66,0.14294001460075378,0.14819127321243286,0.15060269832611084,0.14897027611732483,0.1438921093940735,0.1374720335006714,0.13237264752388,0.13063332438468933,0.13865384459495544,0.1368352621793747,0.13515636324882507,0.13367709517478943
0.67,0.14501850306987762,0.14941668510437012,0.15023936331272125,0.1469256430864334,0.14083538949489594,0.13458436727523804,0.1308368295431137,0.1310965120792389,0.13563649356365204,0.13403844833374023,0.13268154859542847,0.13161498308181763
0.68,0.1468295305967331,0.15005335211753845,0.1491737812757492,0.1443847268819809,0.13777035474777222,0.13227242231369019,0.13029679656028748,0.13259923458099365,0.1330898553133011,0.1318732500076294,0.13098260760307312,0.13045015931129456
0.6900000000000001,0.14826104044914246,0.1500580757856369,0.14748480916023254,0.14155152440071106,0.1349630355834961,0.13075265288352966,0.13080690801143646,0.13497933745384216,0.13124902546405792,0.13054391741752625,0.13022330403327942,0.13029730319976807
0.7000000000000001,0.1492246687412262,0.14943042397499084,0.14529737830162048,0.1386534869670868,0.1326572448015213,0.13016730546951294,0.1323159635066986,0.13798007369041443,0.13028402626514435,0.13017591834068298,0.13047683238983154,0.13117152452468872
0.71,0.14966101944446564,0.14821290969848633,0.14277318120002747,0.1359231024980545,0.13105300068855286,0.13057124614715576,0.134672150015831,0.1412777453660965,0.1302838921546936,0.1308039128780365,0.13171881437301636,0.13298681378364563
0.72,0.14954331517219543,0.14648793637752533,0.14009878039360046,0.13357949256896973,0.13028959929943085,0.1319265514612198,0.1376383900642395,0.14451663196086884,0.1312486231327057,0.13236872851848602,0.13382957875728607,0.13556456565856934
0.73,0.14887909591197968,0.14437246322631836,0.13747179508209229,0.13181054592132568,0.13043320178985596,0.13410645723342896,0.14091627299785614,0.1473473310470581,0.1330891102552414,0.1347227543592453,0.13660576939582825,0.13865123689174652
0.74,0.14770978689193726,0.14200995862483978,0.13508641719818115,0.130758136510849,0.13147121667861938,0.13690686225891113,0.14417597651481628,0.1494644731283188,0.13563548028469086,0.13764390349388123,0.13977989554405212,0.14194302260875702
0.75,0.1461079716682434,0.13956069946289062,0.1331188976764679,0.13050663471221924,0.13331341743469238,0.14006561040878296,0.14708951115608215,0.15063977241516113,0.13865260779857635,0.14085668325424194,0.14304614067077637,0.14511598646640778
0.76,0.14417314529418945,0.13719087839126587,0.13171464204788208,0.13107600808143616,0.1357998549938202,0.1432870477437973,0.1493636965751648,0.15074637532234192,0.14186197519302368,0.1440580189228058,0.14608977735042572,0.14785794913768768
0.77,0.14202536642551422,0.1350613832473755,0.13097742199897766,0.13242051005363464,0.13871458172798157,0.14626964926719666,0.15076971054077148,0.14977286756038666,0.14496725797653198,0.14694596827030182,0.14861750602722168,0.14989905059337616
0.78,0.1397978812456131,0.13331687450408936,0.13096171617507935,0.13443215191364288,0.1418045163154602,0.14873413741588593,0.15116596221923828,0.14782431721687317,0.1476818323135376,0.14924801886081696,0.1503857523202896,0.15103837847709656
0.79,0.13762888312339783,0.13207587599754333,0.13166865706443787,0.13694941997528076,0.14480140805244446,0.15044990181922913,0.15051265060901642,0.14511093497276306,0.1497550904750824,0.150747150182724,0.15122415125370026,0.15116387605667114
0.8,0.13565298914909363,0.131422758102417,0.1330460011959076,0.1397702395915985,0.14744508266448975,0.15125629305839539,0.14887547492980957,0.14192557334899902,0.1509956419467926,0.15130187571048737,0.151051864027977,0.15026308596134186
0.81,0.13399279117584229,0.13140200078487396,0.1349918246269226,0.142668217420578,0.14950606226921082,0.15107785165309906,0.14641913771629333,0.13861185312271118,0.1512889862060547,0.15085989236831665,0.14988550543785095,0.1484246701002121
0.8200000000000001,0.13275134563446045,0.13201512396335602,0.13736233115196228,0.14541080594062805,0.1508055031299591,0.14993128180503845,0.14339077472686768,0.1355273723602295,0.15060803294181824,0.14946287870407104,0.14783743023872375,0.14582952857017517
0.8300000000000001,0.1320057362318039,0.1332206130027771,0.139982208609581,0.14777788519859314,0.15123054385185242,0.14792388677597046,0.14009515941143036,0.13300488889217377,0.1490156650543213,0.14724259078502655,0.14510497450828552,0.14273300766944885
0.84,0.13180230557918549,0.13493669033050537,0.14265771210193634,0.14957955479621887,0.15074442327022552,0.1452435851097107,0.13686387240886688,0.13131655752658844,0.14665889739990234,0.14440849423408508,0.14195141196250916,0.13943982124328613
0.85,0.1321537047624588,0.13704682886600494,0.1451910138130188,0.15067121386528015,0.1493893563747406,0.14214125275611877,0.1340220868587494,0.1306445449590683,0.14375528693199158,0.1412278413772583,0.1386805772781372,0.1362740397453308
0.86,0.13303817808628082,0.13940776884555817,0.14739468693733215,0.15096531808376312,0.14728301763534546,0.1389072686433792,0.13185575604438782,0.13106131553649902,0.14057287573814392,0.1380006968975067,0.13560765981674194,0.13354718685150146
0.87,0.13440081477165222,0.14185912907123566,0.14910577237606049,0.15043827891349792,0.1446082592010498,0.13584434986114502,0.13058289885520935,0.13252189755439758,0.1374054253101349,0.13503144681453705,0.1330287754535675,0.1315276175737381
0.88,0.1361570656299591,0.14423435926437378,0.15019769966602325,0.14913241565227509,0.14159734547138214,0.13323917984962463,0.1303315907716751,0.13486865162849426,0.13454535603523254,0.13260012865066528,0.13119235634803772,0.13041409850120544
0.89,0.13819780945777893,0.14637205004692078,0.1505897045135498,0.1471526175737381,0.13851164281368256,0.13133561611175537,0.13112717866897583,0.137848362326622,0.1322566270828247,0.13093608617782593,0.1302753984928131,0.13031616806983948
0.9,0.1403963416814804,0.14812691509723663,0.15025277435779572,0.14465776085853577,0.13561902940273285,0.13031183183193207,0.13288958370685577,0.14113947749137878,0.13075052201747894,0.13019627332687378,0.1303662359714508,0.1312435269355774
0.91,0.14261603355407715,0.1493796557188034,0.14921174943447113,0.14184816181659698,0.13317063450813293,0.13026367127895355,0.13544145226478577,0.14438685774803162,0.13016609847545624,0.13045047223567963,0.13145610690116882,0.13310489058494568
0.92,0.1447189748287201,0.15004508197307587,0.14754366874694824,0.13894924521446228,0.13137894868850708,0.1311955749988556,0.13852600753307343,0.14724010229110718,0.13055726885795593,0.13167473673820496,0.1334400773048401,0.13571709394454956
0.93,0.1465744525194168,0.1500779241323471,0.14537186920642853,0.13619375228881836,0.13039951026439667,0.13302040100097656,0.1418328583240509,0.149391308426857,0.13188792765140533,0.13375355303287506,0.13612692058086395,0.13882312178611755
0.9400000000000001,0.1480671465396881,0.1494758576154709,0.14285700023174286,0.13380281627178192,0.1303173303604126,0.1355672925710678,0.1450292319059372,0.1506083905696869,0.13403522968292236,0.1364908516407013,0.1392577737569809,0.14211729168891907
0.9500000000000001,0.14910419285297394,0.14827974140644073,0.1401851326227188,0.13196834921836853,0.13113950192928314,0.13859787583351135,0.1477934569120407,0.1507599949836731,0.13680097460746765,0.13962845504283905,0.14253097772598267,0.14527544379234314
0.96,0.14962108433246613,0.1465708613395691,0.137553870677948,0.1308375895023346,0.13279467821121216,0.1418285071849823,0.14984741806983948,0.14982980489730835,0.139929860830307,0.1428704410791397,0.1456311196088791,0.14798681437969208
0.97,0.14958567917346954,0.14446525275707245,0.13515785336494446,0.13050128519535065,0.1351391077041626,0.14495675265789032,0.15098439157009125,0.14791816473007202,0.1431330442428589,0.14591100811958313,0.14825953543186188,0.14998455345630646
0.98,0.14900007843971252,0.14210601150989532,0.13317441940307617,0.13098643720149994,0.13796928524971008,0.1476898491382599,0.15108999609947205,0.1452314257621765,0.14611485600471497,0.14846336841583252,0.150162935256958,0.15107207000255585
0.99,0.14790061116218567,0.13965347409248352,0.13175028562545776,0.13225409388542175,0.14103950560092926,0.14977197349071503,0.1501535177230835,0.14205947518348694,0.1486000418663025,0.15028679370880127,0.1511579304933548,0.15114234387874603
1.0,0.14635561406612396,0.13727432489395142,0.13099083304405212,0.13420245051383972,0.14408324658870697,0.1510082334280014,0.14826928079128265,0.13874468207359314,0.15035921335220337,0.1512092649936676,0.15114864706993103,0.15018847584724426
1.01,0.14446108043193817,0.13513022661209106,0.13095228374004364,0.136675164103508,0.1468362957239151,0.1512829214334488,0.14562684297561646,0.13564464449882507,0.15122999250888824,0.15114381909370422,0.15013597905635834,0.1483042985200882
1.02,0.14233475923538208,0.13336694240570068,0.13163746893405914,0.13947373628616333,0.14905962347984314,0.1505703330039978,0.1424921154975891,0.1330939680337906,0.1511319875717163,0.15009662508964539,0.14821749925613403,0.14567524194717407
1.03,0.1401088684797287,0.13210433721542358,0.13299575448036194,0.14237350225448608,0.15056023001670837,0.1489371657371521,0.13918054103851318,0.13136786222457886,0.15007425844669342,0.14816638827323914,0.1455780267715454,0.14256000518798828
1.04,0.1379217952489853,0.13142821192741394,0.13492664694786072,0.14514173567295074,0.15120789408683777,0.14653627574443817,0.13602538406848907,0.13065259158611298,0.14815443754196167,0.14553524553775787,0.14247192442417145,0.13926514983177185
1.05,0.13590949773788452,0.13138455152511597,0.13728730380535126,0.14755621552467346,0.15094637870788574,0.14359237253665924,0.1333441436290741,0.13102535903453827,0.1455497443675995,0.14245134592056274,0.1391984075307846,0.1361149549484253
1.06,0.1341971457004547,0.13197633624076843,0.13990308344364166,0.14942312240600586,0.1497984081506729,0.1403810679912567,0.13140666484832764,0.13244590163230896,0.142500638961792,0.13920551538467407,0.13607296347618103,0.13341936469078064
1.07,0.1328912228345871,0.13316337764263153,0.14258047938346863,0.1505925953388214,0.14786362648010254,0.13720282912254333,0.13040786981582642,0.13476093113422394,0.139288529753685,0.13610398769378662,0.13339672982692719,0.13144367933273315
1.08,0.13207291066646576,0.13486501574516296,0.14512130618095398,0.15097075700759888,0.14531001448631287,0.13435520231723785,0.13044831156730652,0.13772061467170715,0.13620993494987488,0.13343921303749084,0.13142751157283783,0.13038229942321777
1.09,0.13179312646389008,0.13696560263633728,0.1473376601934433,0.15052729845046997,0.14235924184322357,0.13210470974445343,0.13152390718460083,0.14100556075572968,0.1335490196943283,0.13146254420280457,0.1303550899028778,0.13033968210220337
1.1,0.13206931948661804,0.1393224000930786,0.1490655243396759,0.14929774403572083,0.1392674744129181,0.1306619942188263,0.13352641463279724,0.14426130056381226,0.13155144453048706,0.1303604543209076,0.13028277456760406,0.1313200294971466
1.11,0.13288433849811554,0.1417752355337143,0.150177001953125,0.14738084375858307,0.13630311191082,0.1301620751619339,0.13625432550907135,0.14713642001152039,0.13040155172348022,0.13023687899112701,0.1312175691127777,0.13322687149047852
1.12,0.1341875046491623,0.14415736496448517,0.15058989822864532,0.14493045210838318,0.13372352719306946,0.13065175712108612,0.1394331157207489,0.14932075142860413,0.13020546734333038,0.13110344111919403,0.13306939601898193,0.13587255775928497
1.1300000000000001,0.13589781522750854,0.14630696177482605,0.1502736508846283,0.14214327931404114,0.13175258040428162,0.13208520412445068,0.14274293184280396,0.15057851374149323,0.13098135590553284,0.13287848234176636,0.13565979897975922,0.13899673521518707
1.1400000000000001,0.1379089206457138,0.14807790517807007,0.14925161004066467,0.13924306631088257,0.13056138157844543,0.134328231215477,0.14585068821907043,0.1507740467786789,0.13265755772590637,0.13539451360702515,0.1387392282485962,0.14229196310043335
1.1500000000000001,0.1400957852602005,0.1493498682975769,0.14759942889213562,0.13646256923675537,0.130253404378891,0.1371709108352661,0.14844359457492828,0.14988619089126587,0.13507933914661407,0.13841423392295837,0.14201092720031738,0.14543399214744568
1.16,0.14232243597507477,0.15003633499145508,0.14543932676315308,0.13402503728866577,0.13085533678531647,0.1403471827507019,0.1502608060836792,0.14801077544689178,0.13802319765090942,0.14165285229682922,0.14515970647335052,0.14811357855796814
1.17,0.14445042610168457,0.15009072422981262,0.14293111860752106,0.13212615251541138,0.13231492042541504,0.14355973899364471,0.1511193811893463,0.14535018801689148,0.14121732115745544,0.14480489492416382,0.1478821337223053,0.1500670611858368
1.18,0.14634740352630615,0.1495092511177063,0.14026039838790894,0.13091832399368286,0.13450545072555542,0.14650790393352509,0.15093296766281128,0.1421915590763092,0.14436693489551544,0.1475730836391449,0.1499159038066864,0.1511021852493286
1.19,0.1478954553604126,0.14833150804042816,0.13762477040290833,0.1304984986782074,0.13723675906658173,0.14891572296619415,0.14972031116485596,0.13887576758861542,0.14718128740787506,0.14969629049301147,0.15106508135795593,0.15111711621284485
1.2,0.14899829030036926,0.14663748443126678,0.1352192461490631,0.13090038299560547,0.14027173817157745,0.15055783092975616,0.14760342240333557,0.1357606053352356,0.14940057694911957,0.15097425878047943,0.15121892094612122,0.1501103639602661
1.21,0.14958733320236206,0.14454232156276703,0.1332218050956726,0.1320917159318924,0.14334692060947418,0.15128052234649658,0.14479534327983856,0.13318225741386414,0.15082000195980072,0.15128645300865173,0.15036258101463318,0.14818096160888672
1.22,0.1496259570121765,0.1421884149312973,0.1317802369594574,0.13397690653800964,0.14619535207748413,0.1510162204504013,0.14157864451408386,0.13141895830631256,0.15130847692489624,0.15060344338417053,0.14857861399650574,0.14551883935928345
1.23,0.1491117775440216,0.13973572850227356,0.13100126385688782,0.1364046037197113,0.1485697329044342,0.14978957176208496,0.13827702403068542,0.13066095113754272,0.15082097053527832,0.14898966252803802,0.14603888988494873,0.14238594472408295
1.24,0.14807669818401337,0.137350931763649,0.1309424489736557,0.13917988538742065,0.1502639651298523,0.14771543443202972,0.13522276282310486,0.13099011778831482,0.1494024395942688,0.14659729599952698,0.14298810064792633,0.13909056782722473
1.25,0.1465851366519928,0.13519610464572906,0.13160818815231323,0.14208000898361206,0.15113097429275513,0.14498794078826904,0.13272322714328766,0.13237088918685913,0.1471838355064392,0.14365199208259583,0.13972023129463196,0.1359570175409317
1.26,0.1447298228740692,0.13341769576072693,0.13294920325279236,0.14487214386463165,0.15109547972679138,0.14186236262321472,0.13102987408638,0.13465428352355957,0.144369974732399,0.14043158292770386,0.13655009865760803,0.13329361379146576
1.27,0.1426261067390442,0.1321365386247635,0.13486632704734802,0.14733216166496277,0.15016056597232819,0.13863128423690796,0.1303131878376007,0.1375938355922699,0.1412205696105957,0.1372397243976593,0.13378320634365082,0.13136251270771027
1.28,0.14040479063987732,0.1314397156238556,0.13721764087677002,0.14926259219646454,0.148407444357872,0.1355970799922943,0.1306452453136444,0.14087235927581787,0.13802634179592133,0.1343775987625122,0.13168610632419586,0.13035371899604797
1.29,0.13820400834083557,0.1313745677471161,0.13982923328876495,0.15050846338272095,0.14598819613456726,0.13304376602172852,0.1319926530122757,0.14413607120513916,0.13508212566375732,0.13211500644683838,0.13046087324619293,0.1303665041923523
1.3,0.13616058230400085,0.13194553554058075,0.14250785112380981,0.15096977353096008,0.1431129276752472,0.1312102973461151,0.13421982526779175,0.1470327079296112,0.13265973329544067,0.13066548109054565,0.13022558391094208,0.13139960169792175
1.31,0.1344015896320343,0.1331138163805008,0.14505529403686523,0.15060947835445404,0.14003124833106995,0.13026835024356842,0.1371026337146759,0.14924974739551544,0.1309826672077179,0.1301656812429428,0.13100288808345795,0.1333513855934143
1.32,0.13303634524345398,0.1348000168800354,0.14728307723999023,0.14945650100708008,0.1370106339454651,0.13030607998371124,0.14035096764564514,0.15054787695407867,0.13020583987236023,0.13066275417804718,0.13271792232990265,0.13602972030639648
1.33,0.132149800658226,0.1368895024061203,0.14902634918689728,0.147603377699852,0.13431334495544434,0.13131985068321228,0.14363789558410645,0.15078704059123993,0.13040092587471008,0.1321098506450653,0.13520538806915283,0.13917110860347748
1.34,0.13179707527160645,0.1392403244972229,0.1501561403274536,0.14519889652729034,0.13217350840568542,0.13321489095687866,0.14663273096084595,0.14994142949581146,0.1315498650074005,0.13437043130397797,0.13822564482688904,0.14246638119220734
1.35,0.13200004398822784,0.14169271290302277,0.15058884024620056,0.14243607223033905,0.13077691197395325,0.13581378757953644,0.1490340232849121,0.1481022834777832,0.1335466504096985,0.13723130524158478,0.1414877027273178,0.14559127390384674
1.36,0.13274610042572021,0.1440799981355667,0.15029247105121613,0.13953667879104614,0.13024476170539856,0.13887329399585724,0.15060016512870789,0.1454681009054184,0.1362069845199585,0.14042262732982635,0.14467720687389374,0.14823827147483826
1.37,0.1339888870716095,0.1462399661540985,0.14928892254829407,0.13673344254493713,0.13062331080436707,0.1421070247888565,0.15117356181144714,0.14232313632965088,0.13928525149822235,0.14364339411258698,0.1474868804216385,0.15014688670635223
1.3800000000000001,0.135651096701622,0.14802582561969757,0.14765244722366333,0.1342514455318451,0.13187962770462036,0.145212322473526,0.15069648623466492,0.13900676369667053,0.14249734580516815,0.14658984541893005,0.14964598417282104,0.15112929046154022
1.3900000000000001,0.1376294195652008,0.1493161916732788,0.1455041468143463,0.13228991627693176,0.13390471041202545,0.1478985846042633,0.14921697974205017,0.13587692379951477,0.14554673433303833,0.14898407459259033,0.15094643831253052,0.15108880400657654
1.4000000000000001,0.1398008167743683,0.1500234156847,0.1430029571056366,0.13100628554821014,0.13652274012565613,0.14991433918476105,0.14688389003276825,0.13327130675315857,0.14815197885036469,0.15060025453567505,0.151263028383255,0.15002942085266113
1.41,0.142030268907547,0.15009944140911102,0.14033395051956177,0.13050363957881927,0.13950642943382263,0.15107090771198273,0.14393197000026703,0.1314711570739746,0.15007257461547852,0.15128594636917114,0.1505652368068695,0.14805538952350616
1.42,0.14417919516563416,0.149539053440094,0.1376946121454239,0.1308223009109497,0.1425967514514923,0.15126006305217743,0.14065836369991302,0.1306706815958023,0.151131272315979,0.1509765088558197,0.1489202380180359,0.14536097645759583
1.43,0.14611397683620453,0.14838039875030518,0.13528023660182953,0.131936714053154,0.14552542567253113,0.15046408772468567,0.13739244639873505,0.13095629215240479,0.15123030543327332,0.1497010737657547,0.1464865803718567,0.14221133291721344
1.44,0.14771431684494019,0.1467021405696869,0.13326944410800934,0.13375739753246307,0.14803826808929443,0.14875750243663788,0.13446292281150818,0.13229717314243317,0.15036055445671082,0.14757995307445526,0.1434987336397171,0.13891640305519104
1.45,0.1488807052373886,0.144618421792984,0.1318109929561615,0.1361382156610489,0.14991703629493713,0.14629998803138733,0.13216450810432434,0.1345486044883728,0.14860229194164276,0.14481320977210999,0.14024457335472107,0.13580039143562317
1.46,0.14954060316085815,0.1422707438468933,0.13101287186145782,0.13888801634311676,0.15099874138832092,0.14332164824008942,0.1307285726070404,0.137467622756958,0.14611783623695374,0.1416618376970291,0.13703764975070953,0.133170023560524
1.47,0.14965303242206573,0.13981874287128448,0.13093405961990356,0.14178608357906342,0.1511894315481186,0.14010114967823029,0.1302996277809143,0.14073923230171204,0.14313650131225586,0.13842301070690155,0.1341869980096817,0.13128404319286346
1.48,0.14921095967292786,0.13742896914482117,0.13158045709133148,0.14459973573684692,0.1504725068807602,0.13693998754024506,0.13092078268527985,0.14401039481163025,0.1399334818124771,0.13540229201316833,0.13196724653244019,0.13032814860343933
1.49,0.14824187755584717,0.1352638602256775,0.13290414214134216,0.1471031904220581,0.1489103138446808,0.13413405418395996,0.13252957165241241,0.146928071975708,0.13680444657802582,0.13288448750972748,0.13059228658676147,0.13039633631706238
1.5,0.14680606126785278,0.1334705948829651,0.134807288646698,0.14909541606903076,0.14663836359977722,0.1319459080696106,0.13496403396129608,0.1491774022579193,0.13403820991516113,0.1311071515083313,0.13019458949565887,0.13148188591003418
1.51,0.14499276876449585,0.13217094540596008,0.13714896142482758,0.15041649341583252,0.14385391771793365,0.13058039546012878,0.13797929883003235,0.15051564574241638,0.13189014792442322,0.1302378922700882,0.13081248104572296,0.13347801566123962
1.52,0.1429147571325302,0.131453275680542,0.1397559940814972,0.15096035599708557,0.14079871773719788,0.13016533851623535,0.14127182960510254,0.15079843997955322,0.13055849075317383,0.13035869598388672,0.13238641619682312,0.1361882984638214
1.53,0.14070121943950653,0.13136637210845947,0.1424354910850525,0.15068340301513672,0.1377379596233368,0.13073956966400146,0.14451032876968384,0.14999517798423767,0.1301662027835846,0.13145817816257477,0.13476476073265076,0.13934600353240967
1.54,0.13848976790905,0.1319160759449005,0.14498913288116455,0.1496078073978424,0.13493739068508148,0.13224932551383972,0.1473689079284668,0.1481926143169403,0.13074946403503418,0.13343262672424316,0.1377183496952057,0.1426403820514679
1.55,0.13641789555549622,0.1330651342868805,0.14722801744937897,0.14781993627548218,0.13264010846614838,0.13455331325531006,0.14955991506576538,0.14558525383472443,0.13225442171096802,0.13609579205513,0.1409626007080078,0.14574724435806274
1.56,0.1346144676208496,0.1347353458404541,0.14898647367954254,0.14546328783035278,0.13104557991027832,0.1374358981847763,0.15086281299591064,0.14245446026325226,0.13454219698905945,0.13919654488563538,0.144184872508049,0.14836084842681885
1.57,0.1331915557384491,0.13681331276893616,0.1501343846321106,0.1427271068096161,0.130292147397995,0.14062726497650146,0.1511465460062027,0.1391381025314331,0.13740161061286926,0.14244240522384644,0.14707478880882263,0.1502240002155304
1.58,0.13223765790462494,0.13915780186653137,0.1505868136882782,0.13983097672462463,0.13044530153274536,0.14382870495319366,0.15038248896598816,0.1359940618276596,0.14056870341300964,0.1455272138118744,0.1493537873029709,0.15115338563919067
1.59,0.13181209564208984,0.14160943031311035,0.15031030774116516,0.13700741529464722,0.13149170577526093,0.14674055576324463,0.14864763617515564,0.13336163759231567,0.1437511444091797,0.14816001057624817,0.1508024036884308,0.15105748176574707
1.6,0.1319413036108017,0.14400161802768707,0.14932531118392944,0.13448306918144226,0.13334053754806519,0.14909031987190247,0.1461164802312851,0.13152489066123962,0.14665517210960388,0.1500924527645111,0.1512809544801712,0.14994578063488007
1.61,0.13261725008487701,0.14617180824279785,0.14770472049713135,0.1324605941772461,0.13583126664161682,0.1506580263376236,0.14304375648498535,0.1306820511817932,0.1490127295255661,0.15114232897758484,0.15074336528778076,0.1479276865720749
1.62,0.13379792869091034,0.14797253906726837,0.14556846022605896,0.13110235333442688,0.1387476921081543,0.1512969583272934,0.13973867893218994,0.13092410564422607,0.1506061851978302,0.15121059119701385,0.14924144744873047,0.14520174264907837
1.6300000000000001,0.13540993630886078,0.14928144216537476,0.14307454228401184,0.13051734864711761,0.14183661341667175,0.15094733238220215,0.13653388619422913,0.13222485780715942,0.1512884497642517,0.15029080212116241,0.14691990613937378,0.14203622937202454
1.6400000000000001,0.13735297322273254,0.15000952780246735,0.1404074728488922,0.1307525783777237,0.14482992887496948,0.14964184165000916,0.13375183939933777,0.134443998336792,0.150996595621109,0.1484697163105011,0.14400243759155273,0.13874268531799316
1.6500000000000001,0.13950631022453308,0.15010733902454376,0.13776466250419617,0.13178914785385132,0.1474677324295044,0.14750264585018158,0.13167253136634827,0.13734200596809387,0.1497575044631958,0.14591911435127258,0.14077013731002808,0.13564513623714447
1.6600000000000001,0.1417360156774521,0.14956824481487274,0.13534164428710938,0.13354384899139404,0.14952102303504944,0.1447300910949707,0.13050518929958344,0.14060616493225098,0.14768558740615845,0.14287951588630676,0.13753443956375122,0.13304848968982697
1.67,0.14390349388122559,0.14842885732650757,0.13331766426563263,0.13587579131126404,0.15081162750720978,0.14158356189727783,0.13036727905273438,0.14388421177864075,0.1449720710515976,0.13963764905929565,0.13460710644721985,0.13120827078819275
1.68,0.1458739936351776,0.14676663279533386,0.1318424940109253,0.13859781622886658,0.1512274593114853,0.13835757970809937,0.13127268850803375,0.14682242274284363,0.14186744391918182,0.13649925589561462,0.1322702020406723,0.13030549883842468
1.69,0.14752492308616638,0.1446945071220398,0.1310252696275711,0.14149139821529388,0.1507323980331421,0.135354146361351,0.1331302970647812,0.14910370111465454,0.1386582851409912,0.13376037776470184,0.1307488977909088,0.13042907416820526
1.7,0.14875371754169464,0.14235329627990723,0.1309264600276947,0.14432424306869507,0.14936944842338562,0.13285431265830994,0.13575322926044464,0.15048182010650635,0.13564079999923706,0.13167932629585266,0.13018977642059326,0.1315668225288391
1.71,0.14948391914367676,0.13990209996700287,0.13155341148376465,0.1468689739704132,0.14725689589977264,0.13109208643436432,0.13887745141983032,0.1508081555366516,0.13309355080127716,0.13045240938663483,0.1306467205286026,0.13360676169395447
1.72,0.14967012405395508,0.13750752806663513,0.13285966217517853,0.14892128109931946,0.14457817375659943,0.13023240864276886,0.14218859374523163,0.1500473916530609,0.13125163316726685,0.1301952749490738,0.13207566738128662,0.1363481730222702
1.73,0.14930085837841034,0.13533225655555725,0.134748637676239,0.15031641721725464,0.14156582951545715,0.13035574555397034,0.14535343647003174,0.14828166365623474,0.1302850842475891,0.1309322714805603,0.13433893024921417,0.1395212709903717
1.74,0.1483989655971527,0.1335241198539734,0.13708052039146423,0.1509423851966858,0.13848134875297546,0.1314505636692047,0.14805349707603455,0.1457015424966812,0.1302831470966339,0.13259382545948029,0.13721849024295807,0.1428138017654419
1.75,0.14702054858207703,0.1322060078382492,0.139682799577713,0.15074895322322845,0.1355925053358078,0.1334143579006195,0.15001711249351501,0.14258545637130737,0.1312459409236908,0.13502323627471924,0.14043685793876648,0.14590176939964294
1.76,0.1452513188123703,0.13146750628948212,0.14236293733119965,0.14975161850452423,0.13315004110336304,0.1360633671283722,0.15104661881923676,0.1392696499824524,0.13308465480804443,0.13799136877059937,0.14368396997451782,0.14848123490810394
1.77,0.1432013213634491,0.1313587725162506,0.14492261409759521,0.14803048968315125,0.1313660889863968,0.13914957642555237,0.15103843808174133,0.13611198961734772,0.13562950491905212,0.14121827483177185,0.1466469168663025,0.15029846131801605
1.78,0.14099793136119843,0.13188722729682922,0.1471724659204483,0.14572368562221527,0.13039541244506836,0.14238418638706207,0.1499933898448944,0.13345319032669067,0.13864561915397644,0.14439955353736877,0.14904022216796875,0.15117451548576355
1.79,0.1387782245874405,0.1330169439315796,0.14894597232341766,0.14301642775535583,0.13032233715057373,0.1454644352197647,0.14801666140556335,0.1315802037715912,0.14185459911823273,0.1472352147102356,0.1506332904100418,0.151023268699646
1.8,0.13668018579483032,0.134671151638031,0.15011194348335266,0.14012597501277924,0.13115322589874268,0.1481020152568817,0.14530713856220245,0.1306951642036438,0.14496023952960968,0.14945778250694275,0.15127263963222504,0.14985954761505127
1.81,0.13483421504497528,0.1367373913526535,0.15058410167694092,0.13728442788124084,0.132815882563591,0.15005004405975342,0.14213749766349792,0.1308935582637787,0.14767581224441528,0.15085762739181519,0.15089663863182068,0.14779791235923767
1.82,0.13335512578487396,0.13907530903816223,0.15032751858234406,0.1347198635339737,0.1351660043001175,0.1511262208223343,0.13882669806480408,0.1321539729833603,0.1497507393360138,0.15130269527435303,0.14954154193401337,0.14504124224185944
1.83,0.1323348879814148,0.1415260136127472,0.14936116337776184,0.13263817131519318,0.13799957931041718,0.15122979879379272,0.13570794463157654,0.13434040546417236,0.1509934514760971,0.1507510542869568,0.1473379135131836,0.14186078310012817
1.84,0.1318369209766388,0.14392295479774475,0.14775657653808594,0.1312064379453659,0.14107060432434082,0.15035107731819153,0.13309505581855774,0.13721692562103271,0.15128923952579498,0.1492546647787094,0.1444980651140213,0.13856953382492065
1.85,0.13189217448234558,0.14610324800014496,0.14563246071338654,0.13053961098194122,0.1441124975681305,0.14857231080532074,0.1312510073184967,0.14047306776046753,0.1506107896566391,0.14695468544960022,0.1412956267595291,0.13549137115478516
1.86,0.13249725103378296,0.1479187309741974,0.14314596354961395,0.13069121539592743,0.14686116576194763,0.14605997502803802,0.13036134839057922,0.14375749230384827,0.149020716547966,0.14406810700893402,0.13803917169570923,0.13292920589447021
1.87,0.13361449539661407,0.14924602210521698,0.14048108458518982,0.13164907693862915,0.14907804131507874,0.1430492401123047,0.13051560521125793,0.14671571552753448,0.14666585624217987,0.14086714386940002,0.1350424438714981,0.13113519549369812
1.8800000000000001,0.1351744532585144,0.14999493956565857,0.13783496618270874,0.13333629071712494,0.1505706012248993,0.139821857213974,0.13169825077056885,0.14902850985527039,0.14376351237297058,0.13765369355678558,0.13259419798851013,0.1302858293056488
1.8900000000000001,0.1370801329612732,0.15011455118656158,0.13540346920490265,0.1356174796819687,0.15120932459831238,0.13667996227741241,0.1337902545928955,0.15044629573822021,0.1405816227197647,0.13473090529441833,0.1309303492307663,0.13046473264694214
1.9000000000000001,0.13921305537223816,0.14959678053855896,0.1333663910627365,0.13830944895744324,0.1509387195110321,0.1339176446199417,0.13658113777637482,0.15081608295440674,0.137413889169693,0.1323743462562561,0.13021120429039001,0.13165433704853058
1.9100000000000001,0.14144060015678406,0.14847677946090698,0.13187453150749207,0.1411961019039154,0.14978232979774475,0.13179334998130798,0.13979004323482513,0.15009796619415283,0.13455268740653992,0.13080638647079468,0.1305060088634491,0.13373753428459167
1.92,0.14362424612045288,0.14683066308498383,0.13103826344013214,0.14404574036598206,0.14784051477909088,0.1305059790611267,0.1430940181016922,0.1483694165945053,0.13226217031478882,0.13017484545707703,0.13178640604019165,0.13650929927825928
1.93,0.14562827348709106,0.1447703093290329,0.1309194266796112,0.14662960171699524,0.14528188109397888,0.13017603754997253,0.1461605727672577,0.14581698179244995,0.13075372576713562,0.13053932785987854,0.13392901420593262,0.1396968811750412
1.94,0.14732804894447327,0.1424357146024704,0.1315268576145172,0.1487402617931366,0.14232848584651947,0.13083432614803314,0.1486811637878418,0.14271612465381622,0.13016659021377563,0.131865456700325,0.13672739267349243,0.14298664033412933
1.95,0.1486179232597351,0.1399855613708496,0.13281558454036713,0.15020829439163208,0.13923674821853638,0.13241933286190033,0.15040209889411926,0.13940146565437317,0.13055498898029327,0.1340280920267105,0.13991189002990723,0.14605480432510376
1.96,0.14941760897636414,0.1375863254070282,0.1346902847290039,0.15091583132743835,0.13627508282661438,0.13478264212608337,0.15115021169185638,0.1362306922674179,0.13188305497169495,0.136823371052742,0.14317569136619568,0.14859944581985474
1.97,0.14967751502990723,0.13540104031562805,0.13701221346855164,0.15080609917640686,0.13370056450366974,0.137703076004982,0.15085020661354065,0.13354602456092834,0.13402818143367767,0.1399875283241272,0.14620433747768402,0.15037016570568085
1.98,0.1493813842535019,0.13357825577259064,0.13960960507392883,0.14988790452480316,0.13173672556877136,0.14090728759765625,0.1495322734117508,0.13163712620735168,0.1367924064397812,0.14322218298912048,0.14870597422122955,0.15119270980358124
1.99,0.14854764938354492,0.13224178552627563,0.14229026436805725,0.14823493361473083,0.13055403530597687,0.14409534633159637,0.14732904732227325,0.13071000576019287,0.13992054760456085,0.14622226357460022,0.15043959021568298,0.15098612010478973
2.0,0.1472281664609909,0.13148248195648193,0.14485584199428558,0.14597991108894348,0.13025516271591187,0.14696888625621796,0.1444622427225113,0.13086476922035217,0.14312386512756348,0.14870476722717285,0.15123814344406128,0.14977073669433594
2.0100000000000002,0.14550495147705078,0.13135194778442383,0.14711648225784302,0.14330381155014038,0.13086603581905365,0.14925894141197205,0.1412203311920166,0.1320846527814865,0.14610667526721954,0.15043556690216064,0.1510246992111206,0.14766617119312286
2.02,0.1434851586818695,0.13185904920101166,0.1489049643278122,0.1404215395450592,0.1323336511850357,0.15075117349624634,0.13792958855628967,0.13423803448677063,0.14859361946582794,0.1512514352798462,0.14981979131698608,0.1448795199394226
2.0300000000000002,0.14129436016082764,0.13296929001808167,0.15008895099163055,0.13756437599658966,0.13453060388565063,0.1513059288263321,0.13492116332054138,0.13709253072738647,0.15035519003868103,0.1510753631591797,0.14773952960968018,0.14168500900268555
2.04,0.1390688121318817,0.13460728526115417,0.15058082342147827,0.13496175408363342,0.1372661590576172,0.15087124705314636,0.13249778747558594,0.14034008979797363,0.15122871100902557,0.14992401003837585,0.1449843794107437,0.1383970081806183
2.05,0.13694682717323303,0.13666170835494995,0.15034419298171997,0.13282257318496704,0.140302836894989,0.14948782324790955,0.13090331852436066,0.1436302810907364,0.15113361179828644,0.14790597558021545,0.1418197751045227,0.13533906638622284
2.06,0.1350603848695755,0.13899293541908264,0.14939655363559723,0.13131853938102722,0.14337700605392456,0.14728514850139618,0.13029825687408447,0.14660798013210297,0.1500786542892456,0.14521154761314392,0.13855063915252686,0.13281211256980896
2.07,0.1335267424583435,0.14144250750541687,0.14780807495117188,0.1305704116821289,0.1462218463420868,0.14446939527988434,0.13074344396591187,0.148951917886734,0.14816118776798248,0.14209489524364471,0.1354919672012329,0.13106483221054077
2.08,0.13244126737117767,0.14384400844573975,0.1456962525844574,0.1306382417678833,0.1485903561115265,0.1413041204214096,0.13219410181045532,0.15040911734104156,0.14555826783180237,0.13885000348091125,0.1329384744167328,0.1302691400051117
2.09,0.13187146186828613,0.14603421092033386,0.1432173252105713,0.13151659071445465,0.15027688443660736,0.13808555901050568,0.13450424373149872,0.15082231163978577,0.1425100862979889,0.135782852768898,0.13113617897033691,0.13050337135791779
2.1,0.13185274600982666,0.14786434173583984,0.14055472612380981,0.13313494622707367,0.15113508701324463,0.13511496782302856,0.13744141161441803,0.15014693140983582,0.13929806649684906,0.13318277895450592,0.13025875389575958,0.13174445927143097
2.11,0.13238626718521118,0.14920994639396667,0.13790546357631683,0.1353633999824524,0.15109044313430786,0.13267038762569427,0.14070996642112732,0.14845585823059082,0.13621866703033447,0.13129502534866333,0.1303907334804535,0.13387027382850647
2.12,0.13343888521194458,0.1499796211719513,0.13546551764011383,0.13802304863929749,0.15014681220054626,0.13098062574863434,0.14398105442523956,0.14593157172203064,0.13355615735054016,0.13029760122299194,0.1315194070339203,0.13667163252830505
2.13,0.1349451243877411,0.1501210480928421,0.13341549038887024,0.1409003883600235,0.14838609099388123,0.13020385801792145,0.14692550897598267,0.1428464949131012,0.13155630230903625,0.13028466701507568,0.13353601098060608,0.13987281918525696
2.14,0.13681133091449738,0.14962464570999146,0.13190703094005585,0.143764466047287,0.1459612101316452,0.130412757396698,0.149246945977211,0.13953351974487305,0.13040366768836975,0.13125735521316528,0.13624626398086548,0.14315886795520782
2.15,0.13892152905464172,0.14852413535118103,0.13105176389217377,0.1463853120803833,0.14308258891105652,0.13158778846263885,0.1507118195295334,0.13635024428367615,0.1302046775817871,0.1331239640712738,0.13938897848129272,0.1462063491344452
2.16,0.14114445447921753,0.14689429104328156,0.1309129297733307,0.1485525667667389,0.14000019431114197,0.13361896574497223,0.1511727124452591,0.1336401253938675,0.13097772002220154,0.13570842146873474,0.14266139268875122,0.14871543645858765
2.17,0.14334189891815186,0.1448458731174469,0.13150084018707275,0.15009227395057678,0.1369815319776535,0.136316180229187,0.1505832076072693,0.13169564306735992,0.13265138864517212,0.13876697421073914,0.14574819803237915,0.15043917298316956
2.18,0.1453772485256195,0.14251810312271118,0.13277196884155273,0.1508808135986328,0.1342887580394745,0.13942699134349823,0.14900264143943787,0.13072660565376282,0.13507121801376343,0.1420111358165741,0.14835196733474731,0.15120795369148254
2.19,0.14712399244308472,0.1400691419839859,0.13463228940963745,0.15085485577583313,0.13215556740760803,0.1426602005958557,0.14659009873867035,0.13083767890930176,0.1380138397216797,0.14513492584228516,0.1502217799425125,0.15094608068466187
2.2,0.14847347140312195,0.13766542077064514,0.13694414496421814,0.15001651644706726,0.13076716661453247,0.1457132250070572,0.14358828961849213,0.13201677799224854,0.14120763540267944,0.14784371852874756,0.1511775702238083,0.14967939257621765
2.21,0.14934183657169342,0.13547030091285706,0.13953647017478943,0.14843310415744781,0.13024407625198364,0.14830030500888824,0.14029936492443085,0.13413667678833008,0.144357830286026,0.14988203346729279,0.1511271595954895,0.14753249287605286
2.22,0.14967504143714905,0.13363292813301086,0.1422174870967865,0.14623171091079712,0.13063174486160278,0.15017925202846527,0.13705430924892426,0.13696865737438202,0.14717359840869904,0.15105760097503662,0.15007540583610535,0.14471668004989624
2.23,0.14945241808891296,0.1322782039642334,0.14478880167007446,0.1435890793800354,0.1318964660167694,0.15117424726486206,0.13417960703372955,0.14020708203315735,0.14939501881599426,0.15125951170921326,0.14812369644641876,0.14150899648666382
2.24,0.14868776500225067,0.13149818778038025,0.14706015586853027,0.1407172828912735,0.13392844796180725,0.15119215846061707,0.1319645643234253,0.14350245893001556,0.15081708133220673,0.15046878159046173,0.1454600691795349,0.13822516798973083
2.25,0.14742861688137054,0.13134583830833435,0.1488635241985321,0.1378469169139862,0.13655130565166473,0.15023130178451538,0.13063210248947144,0.1464991718530655,0.15130849182605743,0.14875996112823486,0.14234113693237305,0.13518831133842468
2.2600000000000002,0.14575332403182983,0.13183154165744781,0.15006545186042786,0.13520841300487518,0.13953736424446106,0.14838162064552307,0.1303163468837738,0.14887386560440063,0.15082389116287231,0.1462942510843277,0.13906747102737427,0.13269726932048798
2.27,0.14376600086688995,0.13292229175567627,0.15057697892189026,0.133013516664505,0.14262738823890686,0.14581619203090668,0.1310490369796753,0.15037022531032562,0.14940804243087769,0.14330416917800903,0.13595446944236755,0.1309971958398819
2.2800000000000002,0.1415902078151703,0.13454395532608032,0.1503603160381317,0.1314384788274765,0.14555314183235168,0.14277517795562744,0.13275642693042755,0.15082678198814392,0.14719158411026,0.14007176458835602,0.13330210745334625,0.13025537133216858
2.29,0.13936124742031097,0.13658635318279266,0.1494314968585968,0.13060970604419708,0.14806059002876282,0.13954323530197144,0.1352667361497879,0.15019430220127106,0.1443791687488556,0.13690190017223358,0.1313658356666565,0.13054484128952026
2.3000000000000003,0.1372177004814148,0.13891065120697021,0.14785921573638916,0.13059374690055847,0.14993208646774292,0.13642281293869019,0.13832727074623108,0.14854097366333008,0.14123034477233887,0.13409356772899628,0.130332350730896,0.13183706998825073
2.31,0.13529282808303833,0.14135895669460297,0.14575977623462677,0.13139188289642334,0.15100516378879547,0.1337059736251831,0.1416301280260086,0.1460452526807785,0.13803580403327942,0.13191163539886475,0.13030117750167847,0.13400490581989288
2.32,0.13370633125305176,0.14376480877399445,0.1432885229587555,0.13294002413749695,0.15118668973445892,0.1316470503807068,0.14484290778636932,0.14297649264335632,0.1350904107093811,0.1305619180202484,0.13127529621124268,0.1368350386619568
2.33,0.13255682587623596,0.14596480131149292,0.1406283974647522,0.135113924741745,0.15046082437038422,0.13043871521949768,0.14764226973056793,0.13966581225395203,0.13266606628894806,0.13017168641090393,0.13316088914871216,0.14004895091056824
2.34,0.13191582262516022,0.14780935645103455,0.13797610998153687,0.13773904740810394,0.1488906890153885,0.13019409775733948,0.14974653720855713,0.13647052645683289,0.13098648190498352,0.1307777613401413,0.13577628135681152,0.14333033561706543
2.35,0.1318230926990509,0.14917317032814026,0.13552793860435486,0.1406046450138092,0.1466124951839447,0.13093605637550354,0.15094392001628876,0.13373541831970215,0.13020674884319305,0.13232296705245972,0.13886943459510803,0.14635634422302246
2.36,0.1322844922542572,0.14996355772018433,0.13346503674983978,0.14348070323467255,0.14382410049438477,0.13259516656398773,0.15111398696899414,0.13175565004348755,0.13039886951446533,0.13466161489486694,0.14214232563972473,0.1488291621208191
2.37,0.13327130675315857,0.15012679994106293,0.13194003701210022,0.1461363285779953,0.14076749980449677,0.13501615822315216,0.15023957192897797,0.13074493408203125,0.1315450519323349,0.13757306337356567,0.1452796459197998,0.1505054533481598
2.38,0.13472215831279755,0.14965179562568665,0.13106578588485718,0.14835837483406067,0.13770808279514313,0.1379723697900772,0.1484086811542511,0.13081225752830505,0.13353949785232544,0.14078272879123688,0.1479790359735489,0.15122023224830627
2.39,0.13654683530330658,0.14857082068920135,0.13090696930885315,0.1499684453010559,0.134911447763443,0.14118719100952148,0.14580555260181427,0.13195039331912994,0.13619817793369293,0.14398792386054993,0.14998045563697815,0.15090319514274597
2.4,0.13863195478916168,0.14695735275745392,0.1314753293991089,0.15083728730678558,0.13262030482292175,0.14435964822769165,0.1426921784877777,0.13403651118278503,0.13927556574344635,0.14688624441623688,0.15109103918075562,0.14958550035953522
2.41,0.14084777235984802,0.14492103457450867,0.13272877037525177,0.1508951485157013,0.13103364408016205,0.1471928507089615,0.13938182592391968,0.13684546947479248,0.14248773455619812,0.14920443296432495,0.15120379626750946,0.14739686250686646
2.42,0.14305660128593445,0.14260025322437286,0.13457460701465607,0.15013739466667175,0.13028915226459503,0.1494216024875641,0.13620764017105103,0.140074223279953,0.1455380618572235,0.15072377026081085,0.15030784904956818,0.14455266296863556
2.43,0.14512106776237488,0.1401526927947998,0.13687627017498016,0.14862485229969025,0.13045147061347961,0.15083728730678558,0.13348905742168427,0.1433742344379425,0.14814502000808716,0.15130098164081573,0.14848951995372772,0.141332745552063
2.44,0.1469128131866455,0.1377446949481964,0.1394633799791336,0.14647895097732544,0.13150650262832642,0.15130744874477386,0.13149963319301605,0.1463894098997116,0.1500680148601532,0.1508816033601761,0.14592406153678894,0.1380539983510971
2.45,0.14832048118114471,0.13553990423679352,0.1421446055173874,0.1438719481229782,0.13336269557476044,0.15078803896903992,0.13043956458568573,0.14879438281059265,0.15112948417663574,0.14950519800186157,0.1428585946559906,0.1350390762090683
2.46,0.14925648272037506,0.13368815183639526,0.14472153782844543,0.14101308584213257,0.13585886359214783,0.14932768046855927,0.13041554391384125,0.15032964944839478,0.15123148262500763,0.14730161428451538,0.13958850502967834,0.13258466124534607
2.47,0.14966265857219696,0.1323152780532837,0.14700348675251007,0.13813191652297974,0.13877829909324646,0.14706304669380188,0.1314300298690796,0.1508294641971588,0.15036459267139435,0.14447864890098572,0.1364288628101349,0.13093231618404388
2.48,0.14951378107070923,0.13151457905769348,0.1488216370344162,0.13545969128608704,0.14186763763427734,0.14420613646507263,0.13338086009025574,0.15023992955684662,0.14860883355140686,0.14130258560180664,0.1336841583251953,0.13024456799030304
2.49,0.14881905913352966,0.13134048879146576,0.15004144608974457,0.1332109421491623,0.14485862851142883,0.14102433621883392,0.13607172667980194,0.14862465858459473,0.14612628519535065,0.13807299733161926,0.13161881268024445,0.13058918714523315
2.5,0.14762169122695923,0.13180476427078247,0.15057265758514404,0.13156619668006897,0.14749160408973694,0.1378154307603836,0.13923189043998718,0.14615797996520996,0.14314603805541992,0.13509446382522583,0.13043177127838135,0.13193219900131226
2.5100000000000002,0.14599615335464478,0.13287591934204102,0.15037599205970764,0.13065746426582336,0.149538055062294,0.13487978279590607,0.14254328608512878,0.14310604333877563,0.13994324207305908,0.13264796137809753,0.13023751974105835,0.1341414898633957
2.52,0.14404349029064178,0.13448116183280945,0.14946594834327698,0.13055771589279175,0.1508202999830246,0.13249215483665466,0.14567270874977112,0.13979825377464294,0.13681355118751526,0.13096415996551514,0.13105468451976776,0.13699962198734283
2.5300000000000002,0.14188508689403534,0.13651137053966522,0.14790989458560944,0.13127493858337402,0.15122699737548828,0.13087603449821472,0.1483052372932434,0.13659152388572693,0.13404580950737,0.13020198047161102,0.13280458748340607,0.14022530615329742
2.54,0.139655202627182,0.1388285905122757,0.14582298696041107,0.13275155425071716,0.15072286128997803,0.130182683467865,0.15017595887184143,0.1338319629430771,0.1318955272436142,0.13043321669101715,0.1353186070919037,0.1435011774301529
2.5500000000000003,0.13749244809150696,0.14127540588378906,0.14335957169532776,0.1348690390586853,0.14935165643692017,0.13047699630260468,0.15109659731388092,0.13181732594966888,0.13056117296218872,0.13163606822490692,0.13835449516773224,0.14650480449199677
2.56,0.13553133606910706,0.143685445189476,0.1407020092010498,0.13745740056037903,0.14723244309425354,0.13173142075538635,0.15097451210021973,0.13076502084732056,0.1301659196615219,0.13369715213775635,0.1416197419166565,0.14894063770771027
2.57,0.1338936984539032,0.14589497447013855,0.13804686069488525,0.1403089165687561,0.14454913139343262,0.1338285505771637,0.14982199668884277,0.1307886242866516,0.13074623048305511,0.1364220380783081,0.14479973912239075,0.15056897699832916
2.58,0.13268142938613892,0.14775386452674866,0.135590597987175,0.14319458603858948,0.1415347456932068,0.13657209277153015,0.14775502681732178,0.1318855881690979,0.13224858045578003,0.13955369591712952,0.14758805930614471,0.151229590177536
2.59,0.1319698691368103,0.1491357684135437,0.13351497054100037,0.14588281512260437,0.13845086097717285,0.13970527052879333,0.14498160779476166,0.1339375227689743,0.13453426957130432,0.14279676973819733,0.1497161090373993,0.15085741877555847
2.6,0.13180330395698547,0.14994679391384125,0.13197356462478638,0.14815779030323029,0.13556529581546783,0.14293482899665833,0.14178086817264557,0.13672298192977905,0.1373923122882843,0.14584538340568542,0.15097875893115997,0.1494891196489334
2.61,0.13219204545021057,0.15013180673122406,0.13108038902282715,0.14983686804771423,0.13312850892543793,0.14595848321914673,0.13847485184669495,0.13994143903255463,0.1405588984489441,0.14841195940971375,0.15125441551208496,0.14725936949253082
2.62,0.13311195373535156,0.14967823028564453,0.13090157508850098,0.15078529715538025,0.13135206699371338,0.148493230342865,0.13539624214172363,0.14324551820755005,0.14374172687530518,0.15025447309017181,0.15051648020744324,0.14438755810260773
2.63,0.13450585305690765,0.14861689507961273,0.131450355052948,0.15092694759368896,0.13039013743400574,0.15030178427696228,0.1328549087047577,0.14627867937088013,0.14664700627326965,0.1511991024017334,0.14883610606193542,0.14115631580352783
2.64,0.13628701865673065,0.14701993763446808,0.1326860785484314,0.1502504199743271,0.1303262710571289,0.15121492743492126,0.13110652565956116,0.14871355891227722,0.14900657534599304,0.15115675330162048,0.1463751494884491,0.13788355886936188
2.65,0.13834473490715027,0.14499586820602417,0.13451732695102692,0.1488100290298462,0.131166011095047,0.15114717185497284,0.13032710552215576,0.1502874344587326,0.15060263872146606,0.1501314342021942,0.14337070286273956,0.13489145040512085
2.66,0.14055106043815613,0.1426822394132614,0.1368086338043213,0.14672139286994934,0.13283640146255493,0.15010486543178558,0.13059504330158234,0.15083041787147522,0.15128780901432037,0.14821986854076385,0.14011234045028687,0.13247434794902802
2.67,0.14276878535747528,0.1402362883090973,0.13939043879508972,0.1441521793603897,0.13519251346588135,0.14818553626537323,0.13188336789608002,0.15028397738933563,0.15099892020225525,0.14560231566429138,0.1369139552116394,0.13087019324302673
2.68,0.14486011862754822,0.13782420754432678,0.1420717090368271,0.14130866527557373,0.13802975416183472,0.14556884765625,0.13406246900558472,0.14870703220367432,0.1497625708580017,0.14252570271492004,0.13408373296260834,0.13023675978183746
2.69,0.14669492840766907,0.1356099545955658,0.14465409517288208,0.13841909170150757,0.14110179245471954,0.14249971508979797,0.1369130164384842,0.1462697833776474,0.1476929485797882,0.13928017020225525,0.13189436495304108,0.13063642382621765
2.7,0.1481591761112213,0.13374394178390503,0.1469465047121048,0.13571541011333466,0.1441420167684555,0.13926538825035095,0.14014816284179688,0.1432352364063263,0.1449810415506363,0.1361718326807022,0.13055682182312012,0.13202986121177673
2.71,0.14916181564331055,0.1323530375957489,0.14877930283546448,0.13341468572616577,0.14688648283481598,0.13616862893104553,0.14344239234924316,0.1399308741092682,0.1418772041797638,0.13349390029907227,0.13019995391368866,0.13427993655204773
2.72,0.1496405005455017,0.1315317153930664,0.1500169038772583,0.13170158863067627,0.14909690618515015,0.13349923491477966,0.14646413922309875,0.13671328127384186,0.13866792619228363,0.13149893283843994,0.1308581531047821,0.13716523349285126
2.73,0.14956551790237427,0.13133585453033447,0.15056774020195007,0.13071364164352417,0.15058141946792603,0.13150709867477417,0.14890934526920319,0.13392966985702515,0.1356494128704071,0.13037510216236115,0.13246800005435944,0.14040179550647736
2.74,0.14894145727157593,0.13177868723869324,0.15039102733135223,0.13053014874458313,0.15121114253997803,0.13037866353988647,0.15053193271160126,0.1318804770708084,0.13310033082962036,0.13022837042808533,0.1348743736743927,0.14367114007472992
2.75,0.14780719578266144,0.13283014297485352,0.14949986338615417,0.13116586208343506,0.15093138813972473,0.13021954894065857,0.15116864442825317,0.13078680634498596,0.13125598430633545,0.13107261061668396,0.1378454566001892,0.14665155112743378
2.7600000000000002,0.1462332010269165,0.1344188004732132,0.14796015620231628,0.13256974518299103,0.1497664749622345,0.1310446411371231,0.1507553607225418,0.13076667487621307,0.13028660416603088,0.13282820582389832,0.14109493792057037,0.14904972910881042
2.77,0.14431732892990112,0.13643668591976166,0.1458858847618103,0.13462907075881958,0.14781750738620758,0.13277673721313477,0.14933370053768158,0.13182227313518524,0.13028165698051453,0.13532952964305878,0.14430974423885345,0.1506296694278717
2.7800000000000002,0.1421787440776825,0.13874664902687073,0.14343047142028809,0.13717855513095856,0.1452537178993225,0.1352536678314209,0.1470467448234558,0.1338396817445755,0.13124161958694458,0.13834068179130554,0.14718011021614075,0.15123587846755981
2.79,0.13995037972927094,0.1411917507648468,0.1407756358385086,0.14001353085041046,0.142297625541687,0.1382436454296112,0.1441245973110199,0.13660119473934174,0.13307785987854004,0.14157766103744507,0.14942945539951324,0.15080872178077698
2.8000000000000003,0.13777080178260803,0.1436057686805725,0.13811776041984558,0.14290641248226166,0.13920587301254272,0.14146678149700165,0.1408613622188568,0.1398088037967682,0.13562089204788208,0.1447351574897766,0.15084107220172882,0.14939025044441223
2.81,0.13577549159526825,0.14582471549510956,0.1356535404920578,0.14562499523162842,0.13624686002731323,0.14462140202522278,0.1375853717327118,0.14311634004116058,0.13863599300384521,0.14751534163951874,0.15127891302108765,0.14711999893188477
2.82,0.13408856093883514,0.14769777655601501,0.133565291762352,0.14795100688934326,0.13367745280265808,0.1474122703075409,0.1346263587474823,0.14616692066192627,0.14184483885765076,0.1496560275554657,0.15070083737373352,0.1442214399576187
2.83,0.13281486928462982,0.14909765124320984,0.13200753927230835,0.14969775080680847,0.13172072172164917,0.14957818388938904,0.1322820633649826,0.148631289601326,0.1449512392282486,0.15095531940460205,0.14916250109672546,0.14097976684570312
2.84,0.1320336014032364,0.1499292552471161,0.1310955137014389,0.15072497725486755,0.13054655492305756,0.15091635286808014,0.1307883858680725,0.15024352073669434,0.14766843616962433,0.15129058063030243,0.14681220054626465,0.13771399855613708
2.85,0.13179334998130798,0.15013602375984192,0.13089673221111298,0.15095025300979614,0.13025681674480438,0.15130159258842468,0.13029566407203674,0.15082962810993195,0.1497456282377243,0.15063026547431946,0.143876314163208,0.1347455084323883
2.86,0.13210903108119965,0.1497039496898651,0.1314258575439453,0.1503555178642273,0.13087669014930725,0.15069782733917236,0.13085345923900604,0.15032634139060974,0.15099109709262848,0.14903666079044342,0.14063775539398193,0.13236641883850098
2.87,0.13296103477478027,0.14866232872009277,0.13264377415180206,0.14898845553398132,0.13235241174697876,0.14916151762008667,0.13240565359592438,0.14878802001476288,0.15128980576992035,0.14666001498699188,0.1374085545539856,0.13081082701683044
2.88,0.13429638743400574,0.14708203077316284,0.13446035981178284,0.14695881307125092,0.13455581665039062,0.1468365490436554,0.13479605317115784,0.14638064801692963,0.15061427652835846,0.14372453093528748,0.13449986279010773,0.13023188710212708
2.89,0.13603204488754272,0.1450703740119934,0.13674119114875793,0.14442956447601318,0.13729561865329742,0.14394046366214752,0.13778409361839294,0.14336401224136353,0.1490268111228943,0.1405070722103119,0.1321919560432434,0.13068649172782898
2.9,0.13806012272834778,0.1427641212940216,0.13931751251220703,0.1416037380695343,0.14033401012420654,0.14074434340000153,0.14106905460357666,0.14006364345550537,0.14667394757270813,0.13731110095977783,0.13070714473724365,0.1321299523115158
2.91,0.14025449752807617,0.14031994342803955,0.14199870824813843,0.13870814442634583,0.14340724050998688,0.1375473141670227,0.14432041347026825,0.1368357539176941,0.1437729001045227,0.13443806767463684,0.13018855452537537,0.13442018628120422
2.92,0.14247873425483704,0.13790398836135864,0.14458641409873962,0.13597527146339417,0.14624843001365662,0.13464868068695068,0.147210955619812,0.1340286284685135,0.14059141278266907,0.13215893507003784,0.13068613409996033,0.13733182847499847
2.93,0.14459456503391266,0.1356804072856903,0.14688913524150848,0.13362447917461395,0.14861099421977997,0.13231967389583588,0.14944981038570404,0.1319451779127121,0.13742317259311676,0.13068869709968567,0.13215194642543793,0.14057837426662445
2.94,0.14647041261196136,0.13380034267902374,0.14873650670051575,0.1318444460630417,0.150289848446846,0.13077832758426666,0.15081167221069336,0.13081033527851105,0.13456062972545624,0.13016600906848907,0.13444474339485168,0.14384032785892487
2.95,0.1479896605014801,0.13239148259162903,0.14999185502529144,0.13077811896800995,0.15113919973373413,0.1301688849925995,0.15115946531295776,0.13074646890163422,0.1322679966688156,0.1306401640176773,0.1373436152935028,0.14679667353630066
2.96,0.14905785024166107,0.1315496265888214,0.15056227147579193,0.1305110901594162,0.15108534693717957,0.1305484026670456,0.15045824646949768,0.13176053762435913,0.1307569295167923,0.13206642866134644,0.140569269657135,0.14915651082992554
2.97,0.1496085524559021,0.13133198022842407,0.15040555596351624,0.13106480240821838,0.150132954120636,0.13188135623931885,0.14877849817276,0.13374309241771698,0.1301669031381607,0.1343103051185608,0.14381086826324463,0.1506875902414322
2.98,0.14960750937461853,0.1317533254623413,0.14953330159187317,0.13239476084709167,0.14836472272872925,0.13404296338558197,0.14628934860229492,0.13648013770580292,0.13055238127708435,0.13716013729572296,0.1467560976743698,0.15123926103115082
2.99,0.14905484020709991,0.13278502225875854,0.14801007509231567,0.13439422845840454,0.1459340900182724,0.13683095574378967,0.14324122667312622,0.13967637717723846,0.13187775015830994,0.14034712314605713,0.14912118017673492,0.15075722336769104
3.0,0.14798487722873688,0.13435696065425873,0.14594854414463043,0.13690271973609924,0.14305217564105988,0.13998430967330933,0.13994085788726807,0.14298680424690247,0.13402068614959717,0.14357072114944458,0.15067821741104126,0.14928892254829407
